Dates, Fed Funds , CPI , NROU , AAA , dependency ratio , birth , labour prod , tfp , private credit , LW , HLW , E1Y_CPI , Money Market Funds , FED total assets , Balance Sheet - Total Assets ,Federal Debt,safe_assets
1966-01-01, 0.0466 , 0.023479190 , 0.05697930 , 0.0478 , 0.94886 , 18.8960 , 38.845 , 7.8550978052 , 0.8370822235 , 0.0510194604 , 0.0541903229 ,, -   ,,,40.33999,1164
1966-04-01, 0.0517 , 0.027542370 , 0.05710529 , 0.0498 , 0.94605 , 18.7125 , 38.576 , 7.8718526281 , 0.8458838812 , 0.0486525845 , 0.0515622097 ,, -   ,,,39.26763,1672
1966-07-01, 0.0540 , 0.032700420 , 0.05722861 , 0.0531 , 0.94323 , 18.5290 , 38.703 , 7.8886074511 , 0.8546855389 , 0.0485398432 , 0.0514120469 ,, -   ,,,39.62091,-940
1966-10-01, 0.0540 , 0.036764710 , 0.05734915 , 0.0539 , 0.94042 , 18.3455 , 38.943 , 7.9053622741 , 0.8634871966 , 0.0484025527 , 0.0511957712 ,, -   ,,,39.51977,-332
1967-01-01, 0.0453 , 0.030239830 , 0.05746704 , 0.0513 , 0.93760 , 18.1620 , 39.251 , 7.9221170971 , 0.8722888543 , 0.0480637263 , 0.0508499017 ,, -   ,,,39.20383,1680
1967-04-01, 0.0398 , 0.026804120 , 0.05758270 , 0.0524 , 0.93450 , 18.0910 , 39.395 , 7.9737365474 , 0.8743745244 , 0.0462400075 , 0.0485775712 ,, -   ,,,38.03292,-32
1967-07-01, 0.0399 , 0.026557710 , 0.05769672 , 0.0562 , 0.93141 , 18.0200 , 39.596 , 8.0253559978 , 0.8764601945 , 0.0467088698 , 0.0487989672 ,, -   ,,,38.82145,-604
1967-10-01, 0.0451 , 0.027355620 , 0.05780984 , 0.0607 , 0.92831 , 17.9490 , 39.710 , 8.0769754481 , 0.8785458646 , 0.0463007949 , 0.0480822875 ,, -   ,,,39.10231,-392
1968-01-01, 0.0505 , 0.038461540 , 0.05792286 , 0.0611 , 0.92521 , 17.8780 , 40.596 , 8.1285948985 , 0.8806315348 , 0.0485506414 , 0.0503304310 ,, -   ,,,38.42951,-916
1968-04-01, 0.0607 , 0.040160640 , 0.05803658 , 0.0627 , 0.92263 , 17.9730 , 40.977 , 8.1321767564 , 0.8778972402 , 0.0493940732 , 0.0509532787 ,, -   ,,,36.96379,1700
1968-07-01, 0.0578 , 0.044776120 , 0.05815176 , 0.0602 , 0.92006 , 18.0680 , 40.993 , 8.1357586144 , 0.8751629457 , 0.0484965890 , 0.0495866976 ,, -   ,,,37.30897,3780
1968-10-01, 0.0602 , 0.047337280 , 0.05826905 , 0.0619 , 0.91748 , 18.1630 , 40.895 , 8.1393404723 , 0.8724286511 , 0.0473903460 , 0.0480363271 ,, -   ,,,36.98532,2924
1969-01-01, 0.0679 , 0.047758280 , 0.05838901 , 0.0666 , 0.91490 , 18.2580 , 41.220 , 8.1429223303 , 0.8696943565 , 0.0486846343 , 0.0493242751 ,, -   ,,,36.19577,2560
1969-04-01, 0.0890 , 0.055019310 , 0.05851210 , 0.0689 , 0.91279 , 18.3785 , 40.882 , 8.1331301066 , 0.8714624783 , 0.0470815136 , 0.0473755368 ,, -   ,,,34.97403,1120
1969-07-01, 0.0915 , 0.056190480 , 0.05863864 , 0.0708 , 0.91069 , 18.4990 , 40.924 , 8.1233378828 , 0.8732306000 , 0.0466335201 , 0.0469191201 ,, -   ,,,35.01946,2212
1969-10-01, 0.0897 , 0.059322030 , 0.05876888 , 0.0735 , 0.90858 , 18.6195 , 40.719 , 8.1135456591 , 0.8749987217 , 0.0439312874 , 0.0441070101 ,, -   ,,,35.46954,3664
1970-01-01, 0.0776 , 0.060465120 , 0.05890298 , 0.0791 , 0.90647 , 18.7400 , 40.845 , 8.1037534353 , 0.8767668434 , 0.0425136722 , 0.0426703862 ,, -   ,,,35.38879,2600
1970-04-01, 0.0761 , 0.060384260 , 0.05904100 , 0.0811 , 0.90387 , 18.4725 , 41.442 , 8.1568713908 , 0.8853678297 , 0.0417356361 , 0.0419139986 ,, -   ,,,34.67329,248
1970-07-01, 0.0629 , 0.056807930 , 0.05918292 , 0.0813 , 0.90126 , 18.2050 , 42.092 , 8.2099893462 , 0.8939688159 , 0.0421125191 , 0.0425371681 ,, -   ,,,34.86717,-2260
1970-10-01, 0.0490 , 0.056000000 , 0.05932861 , 0.0803 , 0.89866 , 17.9375 , 41.706 , 8.2631073017 , 0.9025698022 , 0.0385382956 , 0.0384106380 ,, -   ,,,35.74822,-3520
1971-01-01, 0.0371 , 0.050000000 , 0.05947782 , 0.0721 , 0.89605 , 17.6700 , 42.942 , 8.3162252571 , 0.9111707885 , 0.0425664380 , 0.0431424844 ,, -   ,,,34.50345,-7936
1971-04-01, 0.0491 , 0.044003450 , 0.05963016 , 0.0753 , 0.89231 , 17.2668 , 43.063 , 8.3624338768 , 0.9228563498 , 0.0403260113 , 0.0406277310 ,, -   ,,,34.36089,-2220
1971-07-01, 0.0555 , 0.043515360 , 0.05978506 , 0.0759 , 0.88857 , 16.8635 , 43.471 , 8.4086424966 , 0.9345419112 , 0.0388690368 , 0.0391829475 ,, -   ,,,35.00694,-976
1971-10-01, 0.0414 , 0.034511790 , 0.05994177 , 0.0726 , 0.88482 , 16.4603 , 43.093 , 8.4548511163 , 0.9462274725 , 0.0359084285 , 0.0362027230 ,, -   ,,,35.63237,2292
1972-01-01, 0.0383 , 0.034252300 , 0.06009940 , 0.0724 , 0.88108 , 16.0570 , 43.768 , 8.5010597360 , 0.9579130338 , 0.0374705106 , 0.0384593730 ,, -   ,,,34.72622,2308
1972-04-01, 0.0446 , 0.031404960 , 0.06025691 , 0.0730 , 0.87663 , 15.8820 , 44.630 , 8.5482556870 , 0.9555319503 , 0.0385365743 , 0.0400335738 ,, -   ,,,33.67383,156
1972-07-01, 0.0487 , 0.030253470 , 0.06041317 , 0.0721 , 0.87218 , 15.7070 , 44.886 , 8.5954516380 , 0.9531508668 , 0.0372167764 , 0.0386935555 ,, -   ,,,33.62447,3656
1972-10-01, 0.0533 , 0.034987800 , 0.06056706 , 0.0712 , 0.86773 , 15.5320 , 45.265 , 8.6426475891 , 0.9507697832 , 0.0377781358 , 0.0396143298 ,, -   ,,,33.74758,3312
1973-01-01, 0.0709 , 0.040387720 , 0.06071745 , 0.0722 , 0.86328 , 15.3570 , 46.289 , 8.6898435401 , 0.9483886997 , 0.0399674842 , 0.0424209838 ,, -   ,,,33.29287,3396
1973-04-01, 0.0849 , 0.055288460 , 0.06086335 , 0.0729 , 0.85853 , 15.3438 , 46.306 , 8.6499451670 , 0.9420082212 , 0.0402539995 , 0.0430345851 ,, -   ,,,32.34466,1344
1973-07-01, 0.1078 , 0.068253970 , 0.06100387 , 0.0763 , 0.85377 , 15.3305 , 45.873 , 8.6100467940 , 0.9356277427 , 0.0374703781 , 0.0400555745 ,, -   ,,,32.12455,1196
1973-10-01, 0.0995 , 0.082547170 , 0.06113831 , 0.0767 , 0.84902 , 15.3173 , 45.587 , 8.5701484210 , 0.9292472641 , 0.0386998632 , 0.0419704531 ,, -   ,,,31.77379,232
1974-01-01, 0.0935 , 0.099378880 , 0.06126616 , 0.0785 , 0.84426 , 15.3040 , 45.477 , 8.5302500479 , 0.9228667856 , 0.0364839002 , 0.0396821774 ,, 263 ,,,31.76449,1216
1974-04-01, 0.1193 , 0.105542900 , 0.06138715 , 0.0837 , 0.83953 , 15.2535 , 45.341 , 8.5512702951 , 0.9183368560 , 0.0376192986 , 0.0415960074 ,, 570 ,,,30.99462,172
1974-07-01, 0.1134 , 0.114413100 , 0.06150115 , 0.0900 , 0.83480 , 15.2030 , 44.876 , 8.5722905422 , 0.9138069264 , 0.0360281979 , 0.0399360608 ,," 1,386 ",,,30.86269,2092
1974-10-01, 0.0853 , 0.122004400 , 0.06160820 , 0.0889 , 0.83007 , 15.1525 , 45.276 , 8.5933107894 , 0.9092769968 , 0.0344061430 , 0.0386376188 ,," 2,379 ",,,30.79768,256
1975-01-01, 0.0554 , 0.110875700 , 0.06170844 , 0.0867 , 0.82534 , 15.1020 , 45.612 , 8.6143310365 , 0.9047470672 , 0.0297726338 , 0.0339832084 ,," 3,620 ",,,31.53604,1872
1975-04-01, 0.0555 , 0.096840660 , 0.06180209 , 0.0890 , 0.82069 , 15.0968 , 46.336 , 8.6707559211 , 0.9032720151 , 0.0287002815 , 0.0330837691 ,," 3,661 ",,,32.27817,-1012
1975-07-01, 0.0624 , 0.087333340 , 0.06188934 , 0.0895 , 0.81605 , 15.0915 , 46.903 , 8.7271808058 , 0.9017969629 , 0.0298022046 , 0.0335810032 ,," 3,708 ",,,32.38043,3656
1975-10-01, 0.0520 , 0.072491910 , 0.06197032 , 0.0879 , 0.81140 , 15.0863 , 46.954 , 8.7836056904 , 0.9003219108 , 0.0300607708 , 0.0331729582 ,," 3,645 ",,,32.73010,8108
1976-01-01, 0.0484 , 0.063572790 , 0.06204509 , 0.0855 , 0.80675 , 15.0810 , 47.649 , 8.8400305751 , 0.8988468586 , 0.0316466311 , 0.0348370439 ,," 3,712 ",,,32.98513,15028
1976-04-01, 0.0548 , 0.060738890 , 0.06211358 , 0.0858 , 0.80233 , 15.2185 , 48.087 , 8.8699241486 , 0.8995762728 , 0.0289016691 , 0.0321441195 ,," 3,430 ",,,33.49464,5016
1976-07-01, 0.0525 , 0.055180870 , 0.06217563 , 0.0845 , 0.79790 , 15.3560 , 48.200 , 8.8998177222 , 0.9003056869 , 0.0281663845 , 0.0312742287 ,," 3,421 ",,,33.64333,7024
1976-10-01, 0.0465 , 0.050694030 , 0.06223099 , 0.0825 , 0.79348 , 15.4935 , 48.339 , 8.9297112957 , 0.9010351011 , 0.0278507381 , 0.0308144254 ,," 3,404 ",,,33.78753,13168
1977-01-01, 0.0469 , 0.058577400 , 0.06227931 , 0.0804 , 0.78905 , 15.6310 , 48.650 , 8.9596048692 , 0.9017645152 , 0.0284244535 , 0.0317076634 ,," 3,460 ",,,33.65136,3736
1977-04-01, 0.0539 , 0.068476980 , 0.06232017 , 0.0804 , 0.78488 , 15.6233 , 48.849 , 8.9891985354 , 0.9054014958 , 0.0296086496 , 0.0334524336 ,," 3,443 ",,,32.80422,14752
1977-07-01, 0.0614 , 0.066821610 , 0.06235309 , 0.0794 , 0.78071 , 15.6155 , 49.362 , 9.0187922016 , 0.9090384763 , 0.0308299958 , 0.0348020080 ,," 3,463 ",,,32.98791,16000
1977-10-01, 0.0656 , 0.066053990 , 0.06237757 , 0.0808 , 0.77653 , 15.6078 , 48.733 , 9.0483858678 , 0.9126754569 , 0.0277821639 , 0.0313564590 ,," 3,887 ",,,33.21873,13796
1978-01-01, 0.0679 , 0.066064370 , 0.06239311 , 0.0847 , 0.77236 , 15.6000 , 48.761 , 9.0779795341 , 0.9163124374 , 0.0268849524 , 0.0304667007 ,," 5,620 ",,,33.50120,21276
1978-04-01, 0.0760 , 0.069613260 , 0.06239927 , 0.0869 , 0.76852 , 15.7148 , 49.731 , 9.0841769473 , 0.9195981588 , 0.0335872206 , 0.0381151876 ,," 6,959 ",,,32.12444,8224
1978-07-01, 0.0845 , 0.079520700 , 0.06239574 , 0.0869 , 0.76468 , 15.8295 , 49.762 , 9.0903743606 , 0.9228838801 , 0.0327245865 , 0.0369495059 ,," 8,407 ",,,32.21407,17308
1978-10-01, 0.1003 , 0.089439660 , 0.06238235 , 0.0903 , 0.76084 , 15.9443 , 50.089 , 9.0965717738 , 0.9261696015 , 0.0337922853 , 0.0380751794 ,," 10,808 ",,,31.86206,-1312
1979-01-01, 0.1009 , 0.097457630 , 0.06235909 , 0.0926 , 0.75700 , 16.0590 , 49.633 , 9.1027691871 , 0.9294553229 , 0.0308557489 , 0.0353932729 ,," 18,020 ",,,31.53601,20924
1979-04-01, 0.1029 , 0.107438000 , 0.06232617 , 0.0938 , 0.75352 , 16.1175 , 49.542 , 9.0789019667 , 0.9329786571 , 0.0323578938 , 0.0364019539 ,," 25,915 ",,,31.06277,-1212
1979-07-01, 0.1143 , 0.117558000 , 0.06228394 , 0.0923 , 0.75003 , 16.1760 , 49.481 , 9.0550347463 , 0.9365019914 , 0.0327270759 , 0.0367583354 ,," 34,194 ",,,30.98402,2944
1979-10-01, 0.1378 , 0.126607300 , 0.06223290 , 0.1074 , 0.74655 , 16.2345 , 49.422 , 9.0311675259 , 0.9400253256 , 0.0324279716 , 0.0368680991 ,," 45,214 ",,,31.02615,-17972
1980-01-01, 0.1719 , 0.142857100 , 0.06217371 , 0.1238 , 0.74306 , 16.2930 , 49.657 , 9.0073003055 , 0.9435486599 , 0.0336670791 , 0.0380847289 ,," 61,292 ",,,30.94982,-10244
1980-04-01, 0.0947 , 0.145056000 , 0.06210709 , 0.1099 , 0.73979 , 16.2678 , 49.139 , 9.0418563642 , 0.9307565141 , 0.0289448893 , 0.0326041168 ,," 77,827 ",,,31.37303,3364
1980-07-01, 0.1087 , 0.128668200 , 0.06203388 , 0.1164 , 0.73651 , 16.2425 , 49.334 , 9.0764124229 , 0.9179643683 , 0.0294627084 , 0.0332406289 ,," 79,901 ",,,31.77687,22000
1980-10-01, 0.1890 , 0.126426700 , 0.06195496 , 0.1297 , 0.73324 , 16.2173 , 49.835 , 9.1109684816 , 0.9051722225 , 0.0337520387 , 0.0375606881 ,," 76,415 ",,,31.15700,19692
1981-01-01, 0.1470 , 0.112331100 , 0.06187123 , 0.1333 , 0.72996 , 16.1920 , 50.603 , 9.1455245404 , 0.8923800767 , 0.0359367660 , 0.0395818280 ,," 114,223 ",,,30.87284,18456
1981-04-01, 0.1910 , 0.097759680 , 0.06178361 , 0.1388 , 0.72713 , 16.2008 , 49.948 , 9.1101348160 , 0.9008123733 , 0.0321573250 , 0.0350264732 ,," 129,871 ",,,30.70875,24368
1981-07-01, 0.1587 , 0.108400000 , 0.06169302 , 0.1489 , 0.72430 , 16.2095 , 50.416 , 9.0747450917 , 0.9092446700 , 0.0346685360 , 0.0372794407 ,," 164,470 ",,,30.60333,14180
1981-10-01, 0.1237 , 0.095479350 , 0.06160031 , 0.1423 , 0.72147 , 16.2183 , 49.880 , 9.0393553674 , 0.9176769666 , 0.0316944463 , 0.0336275740 ,," 186,305 ",,,31.35587,7028
1982-01-01, 0.1468 , 0.075930140 , 0.06150627 , 0.1518 , 0.71864 , 16.2270 , 49.630 , 9.0039656430 , 0.9261092632 , 0.0276189642 , 0.0290317790 , 0.0639450710 ," 198,732 ",,,32.41298,32432
1982-04-01, 0.1415 , 0.067532470 , 0.06141160 , 0.1446 , 0.71625 , 16.1463 , 49.644 , 9.0632716860 , 0.9348551294 , 0.0283008777 , 0.0298186107 , 0.0548816690 ," 209,680 ",,,32.40213,34340
1982-07-01, 0.1031 , 0.057740890 , 0.06131687 , 0.1371 , 0.71385 , 16.0655 , 49.742 , 9.1225777289 , 0.9436009956 , 0.0280191440 , 0.0287733956 , 0.0636780100 ," 235,246 ",,,33.92530,-11536
1982-10-01, 0.0895 , 0.045179650 , 0.06122254 , 0.1183 , 0.71146 , 15.9848 , 50.180 , 9.1818837718 , 0.9523468618 , 0.0270926509 , 0.0277428364 , 0.0465391450 ," 219,928 ",,,35.18156,5024
1983-01-01, 0.0877 , 0.035991530 , 0.06112889 , 0.1179 , 0.70906 , 15.9040 , 50.861 , 9.2411898148 , 0.9610927280 , 0.0281682633 , 0.0291956596 , 0.0459566150 ," 197,336 ",,,35.82911,18224
1983-04-01, 0.0898 , 0.033368090 , 0.06103606 , 0.1151 , 0.70696 , 15.8780 , 51.975 , 9.3078814626 , 0.9628097157 , 0.0283815620 , 0.0302032471 , 0.0461863340 ," 180,893 ",,,36.87167,7576
1983-07-01, 0.0945 , 0.026270900 , 0.06094400 , 0.1237 , 0.70486 , 15.8520 , 52.099 , 9.3745731103 , 0.9645267033 , 0.0316631191 , 0.0333438865 , 0.0510374940 ," 179,590 ",,,37.33110,3064
1983-10-01, 0.0947 , 0.033015660 , 0.06085254 , 0.1241 , 0.70276 , 15.8260 , 52.399 , 9.4412647581 , 0.9662436910 , 0.0309626313 , 0.0331894561 , 0.0519809040 ," 179,467 ",,,37.17553,20120
1984-01-01, 0.0991 , 0.045299730 , 0.06076131 , 0.1220 , 0.70066 , 15.8000 , 52.652 , 9.5079564059 , 0.9679606787 , 0.0323063430 , 0.0350097306 , 0.0506229470 ," 195,074 ",," 3,373,919.507 ",37.45447,13388
1984-04-01, 0.1106 , 0.043390510 , 0.06066982 , 0.1328 , 0.69910 , 15.8263 , 52.945 , 9.5469905637 , 0.9851820416 , 0.0337279139 , 0.0367849006 , 0.0545801690 ," 200,096 ",," 3,479,612.269 ",37.72687,17632
1984-07-01, 0.1130 , 0.042553190 , 0.06057761 , 0.1287 , 0.69754 , 15.8525 , 53.168 , 9.5860247214 , 1.0024034044 , 0.0327256886 , 0.0358699697 , 0.0522478100 ," 205,269 ",," 3,520,867.479 ",38.49586,3436
1984-10-01, 0.0838 , 0.040856670 , 0.06048421 , 0.1229 , 0.69598 , 15.8788 , 53.227 , 9.6250588791 , 1.0196247673 , 0.0317471630 , 0.0352185861 , 0.0493766460 ," 233,554 ",," 3,653,117.320 ",40.08547,3940
1985-01-01, 0.0858 , 0.035842290 , 0.06038903 , 0.1213 , 0.69442 , 15.9050 , 53.397 , 9.6640930369 , 1.0368461302 , 0.0348314486 , 0.0377031673 , 0.0488075970 ," 241,000 ",," 3,666,442.893 ",40.44121,26440
1985-04-01, 0.0753 , 0.037395230 , 0.06029140 , 0.1172 , 0.69355 , 15.8595 , 53.566 , 9.7045474587 , 1.0530388740 , 0.0336488376 , 0.0366324081 , 0.0471690900 ," 247,095 ",," 3,758,081.537 ",41.31983,31024
1985-07-01, 0.0792 , 0.033482140 , 0.06019057 , 0.1105 , 0.69268 , 15.8140 , 54.247 , 9.7450018806 , 1.0692316177 , 0.0352965501 , 0.0384646265 , 0.0442877640 ," 243,416 ",," 3,853,632.422 ",41.55909,-6928
1985-10-01, 0.0827 , 0.035137700 , 0.06008578 , 0.1055 , 0.69181 , 15.7685 , 54.465 , 9.7854563024 , 1.0854243615 , 0.0331522362 , 0.0366558911 , 0.0427307510 ," 243,803 ",," 3,993,326.324 ",43.78715,149216
1986-01-01, 0.0748 , 0.030827310 , 0.05997622 , 0.0967 , 0.69094 , 15.7230 , 55.110 , 9.8259107243 , 1.1016171052 , 0.0338088126 , 0.0374941897 , 0.0397133730 ," 266,529 ",," 4,022,333.998 ",44.07415,14744
1986-04-01, 0.0692 , 0.016159110 , 0.05986110 , 0.0909 , 0.69056 , 15.7425 , 55.542 , 9.8414813208 , 1.1077604665 , 0.0317242801 , 0.0352590963 , 0.0301757470 ," 278,099 ",," 4,106,579.622 ",45.30682,79704
1986-07-01, 0.0589 , 0.016352980 , 0.05973968 , 0.0888 , 0.69019 , 15.7620 , 55.779 , 9.8570519172 , 1.1139038278 , 0.0319190334 , 0.0352851726 , 0.0340351220 ," 296,048 ",," 4,158,122.268 ",46.12536,-16408
1986-10-01, 0.0691 , 0.012844040 , 0.05961125 , 0.0868 , 0.68981 , 15.7815 , 55.658 , 9.8726225137 , 1.1200471891 , 0.0315833330 , 0.0345927557 , 0.0347138960 ," 292,152 ",," 4,327,565.137 ",47.55286,60280
1987-01-01, 0.0613 , 0.021971320 , 0.05947526 , 0.0836 , 0.68943 , 15.8010 , 55.396 , 9.8881931102 , 1.1261905504 , 0.0301704460 , 0.0336037285 , 0.0347669920 ," 304,475 ",," 4,301,276.512 ",47.57835,83280
1987-04-01, 0.0673 , 0.037614680 , 0.05933125 , 0.0932 , 0.68933 , 15.8605 , 55.769 , 9.9175040340 , 1.1288700681 , 0.0313323981 , 0.0350903671 , 0.0390854610 ," 301,489 ",," 4,353,712.757 ",48.04867,-12328
1987-07-01, 0.0722 , 0.041894350 , 0.05917902 , 0.0967 , 0.68923 , 15.9200 , 55.781 , 9.9468149577 , 1.1315495858 , 0.0311652922 , 0.0348989916 , 0.0412631500 ," 306,182 ",," 4,407,108.435 ",48.11650,2344
1987-10-01, 0.0677 , 0.044987920 , 0.05901855 , 0.1011 , 0.68912 , 15.9795 , 56.339 , 9.9761258815 , 1.1342291035 , 0.0331917816 , 0.0373448985 , 0.0408368700 ," 316,096 ",," 4,502,059.540 ",48.55667,-21684
1988-01-01, 0.0658 , 0.039713350 , 0.05885015 , 0.0940 , 0.68902 , 16.0390 , 56.553 , 10.0054368052 , 1.1369086213 , 0.0318698535 , 0.0359944353 , 0.0368084330 ," 344,684 ",," 4,540,892.390 ",49.03151,23108
1988-04-01, 0.0751 , 0.039198350 , 0.05867440 , 0.0986 , 0.68901 , 16.1158 , 56.706 , 10.0275307999 , 1.1465313472 , 0.0338904648 , 0.0379295218 , 0.0398168550 ," 327,808 ",," 4,611,831.719 ",49.08744,-29008
1988-07-01, 0.0819 , 0.041083920 , 0.05849217 , 0.0996 , 0.68900 , 16.1925 , 56.826 , 10.0496247946 , 1.1561540731 , 0.0335619999 , 0.0370068525 , 0.0436280700 ," 327,157 ",," 4,692,092.277 ",49.25732,-26068
1988-10-01, 0.0876 , 0.043051140 , 0.05830452 , 0.0951 , 0.68898 , 16.2693 , 56.888 , 10.0717187893 , 1.1657767991 , 0.0345295685 , 0.0382078131 , 0.0437205820 ," 338,862 ",," 4,758,966.067 ",49.71548,24180
1989-01-01, 0.0985 , 0.048248130 , 0.05811267 , 0.0964 , 0.68897 , 16.3460 , 56.987 , 10.0938127840 , 1.1753995250 , 0.0348402410 , 0.0383156024 , 0.0448020560 ," 365,061 ",," 4,698,927.560 ",49.73276,-44240
1989-04-01, 0.0953 , 0.052183780 , 0.05791787 , 0.0957 , 0.68873 , 16.3760 , 57.152 , 10.1182623985 , 1.1685282080 , 0.0338475014 , 0.0374045484 , 0.0470285610 ," 385,856 ",," 4,740,289.080 ",49.88760,6436
1989-07-01, 0.0902 , 0.046739440 , 0.05772135 , 0.0896 , 0.68849 , 16.4060 , 57.419 , 10.1427120130 , 1.1616568911 , 0.0330414528 , 0.0366287746 , 0.0412737800 ," 416,782 ",," 4,718,377.150 ",50.17117,-3476
1989-10-01, 0.0845 , 0.045983380 , 0.05752429 , 0.0889 , 0.68825 , 16.4360 , 57.425 , 10.1671616275 , 1.1547855741 , 0.0326452581 , 0.0358420390 , 0.0399880630 ," 430,007 ",," 4,736,408.670 ",51.38111,18528
1990-01-01, 0.0828 , 0.052328770 , 0.05732765 , 0.0922 , 0.68801 , 16.4660 , 57.968 , 10.1916112420 , 1.1479142571 , 0.0349119890 , 0.0380073476 , 0.0415169090 ," 465,696 ",," 4,670,804.702 ",51.96856,120200
1990-04-01, 0.0829 , 0.045822100 , 0.05713231 , 0.0946 , 0.68785 , 16.3603 , 58.372 , 10.1955191162 , 1.1588798751 , 0.0344955810 , 0.0372755291 , 0.0419087620 ," 455,295 ",," 4,686,704.559 ",52.74730,12928
1990-07-01, 0.0820 , 0.055347600 , 0.05693902 , 0.0941 , 0.68768 , 16.2545 , 58.560 , 10.1994269905 , 1.1698454932 , 0.0333634946 , 0.0356876210 , 0.0412669260 ," 486,898 ",," 4,691,535.201 ",53.75313,21620
1990-10-01, 0.0731 , 0.062235170 , 0.05674851 , 0.0930 , 0.68752 , 16.1488 , 57.952 , 10.2033348647 , 1.1808111112 , 0.0290032237 , 0.0315294498 , 0.0495942350 ," 501,268 ",," 4,656,548.263 ",56.03613,15672
1991-01-01, 0.0612 , 0.052850820 , 0.05656146 , 0.0893 , 0.68735 , 16.0430 , 58.132 , 10.2072427390 , 1.1917767292 , 0.0267188351 , 0.0295945003 , 0.0379181370 ," 555,411 ",," 4,568,363.966 ",57.41652,26920
1991-04-01, 0.0590 , 0.048453610 , 0.05637838 , 0.0886 , 0.68785 , 15.9328 , 59.080 , 10.2800673872 , 1.1894404563 , 0.0275559596 , 0.0299444504 , 0.0364225510 ," 535,657 ",," 4,545,210.391 ",57.74551,-1248
1991-07-01, 0.0545 , 0.038763620 , 0.05619961 , 0.0875 , 0.68835 , 15.8225 , 59.585 , 10.3528920355 , 1.1871041834 , 0.0278438418 , 0.0295894002 , 0.0377120210 ," 536,008 ",," 4,573,603.880 ",59.06123,65372
1991-10-01, 0.0443 , 0.029917730 , 0.05602534 , 0.0848 , 0.68885 , 15.7123 , 59.866 , 10.4257166838 , 1.1847679105 , 0.0265385451 , 0.0281878134 , 0.0355255910 ," 542,441 ",," 4,550,192.185 ",60.68599,15116
1992-01-01, 0.0398 , 0.028684470 , 0.05585577 , 0.0829 , 0.68935 , 15.6020 , 61.050 , 10.4985413320 , 1.1824316376 , 0.0270255000 , 0.0289704772 , 0.0334095440 ," 574,836 ",," 4,541,414.416 ",60.99679,98860
1992-04-01, 0.0376 , 0.030973450 , 0.05569084 , 0.0828 , 0.69010 , 15.4805 , 61.570 , 10.5110348852 , 1.1893100587 , 0.0269308238 , 0.0287696895 , 0.0340972290 ," 559,738 ",," 4,522,169.402 ",61.57938,-114852
1992-07-01, 0.0322 , 0.030975610 , 0.05553059 , 0.0795 , 0.69086 , 15.3590 , 62.121 , 10.5235284384 , 1.1961884798 , 0.0256821789 , 0.0279386897 , 0.0311369100 ," 556,864 ",," 4,535,690.297 ",61.89802,-6980
1992-10-01, 0.0292 , 0.030501090 , 0.05537511 , 0.0799 , 0.69161 , 15.2375 , 62.491 , 10.5360219916 , 1.2030669008 , 0.0259370681 , 0.0282207134 , 0.0301223310 ," 546,194 ",," 4,541,325.436 ",62.52256,-28252
1993-01-01, 0.0307 , 0.031971150 , 0.05522455 , 0.0771 , 0.69236 , 15.1160 , 61.951 , 10.5485155448 , 1.2099453219 , 0.0242464721 , 0.0259884424 , 0.0297620010 ," 559,524 ",," 4,528,140.235 ",62.86657,69088
1993-04-01, 0.0304 , 0.031473530 , 0.05507905 , 0.0743 , 0.69287 , 15.0153 , 61.592 , 10.5789901782 , 1.2079165796 , 0.0239619479 , 0.0257330532 , 0.0282276840 ," 552,412 ",," 4,577,983.256 ",63.91524,24844
1993-07-01, 0.0309 , 0.027442630 , 0.05493865 , 0.0685 , 0.69338 , 14.9145 , 61.863 , 10.6094648115 , 1.2058878373 , 0.0223496906 , 0.0242004052 , 0.0282047550 ," 550,522 ",," 4,641,711.203 ",64.10093,-65424
1993-10-01, 0.0296 , 0.027249240 , 0.05480341 , 0.0693 , 0.69389 , 14.8138 , 62.104 , 10.6399394449 , 1.2038590950 , 0.0229701981 , 0.0251223007 , 0.0276980570 ," 565,319 ",," 4,711,354.008 ",64.66861,-2732
1994-01-01, 0.0334 , 0.025157230 , 0.05467339 , 0.0708 , 0.69440 , 14.7130 , 62.277 , 10.6704140782 , 1.2018303527 , 0.0223760519 , 0.0246013617 , 0.0285465350 ," 582,288 ",," 4,843,916.404 ",64.30709,8636
1994-04-01, 0.0425 , 0.023809520 , 0.05454845 , 0.0797 , 0.69469 , 14.6188 , 62.335 , 10.6779478668 , 1.2267942633 , 0.0239568157 , 0.0262553591 , 0.0324348330 ," 576,632 ",," 4,895,161.881 ",64.10716,-16040
1994-07-01, 0.0473 , 0.028781950 , 0.05442838 , 0.0811 , 0.69497 , 14.5245 , 61.983 , 10.6854816554 , 1.2517581739 , 0.0226461998 , 0.0251418267 , 0.0328488150 ," 586,195 ",," 4,932,363.513 ",64.01176,-29600
1994-10-01, 0.0545 , 0.026526410 , 0.05431291 , 0.0857 , 0.69526 , 14.4303 , 62.633 , 10.6930154441 , 1.2767220844 , 0.0229485023 , 0.0259963148 , 0.0357384870 ," 611,005 ",," 5,022,360.958 ",64.38584,-92860
1995-01-01, 0.0598 , 0.028402640 , 0.05420172 , 0.0826 , 0.69554 , 14.3360 , 62.679 , 10.7005492327 , 1.3016859950 , 0.0221155949 , 0.0250825236 , 0.0356371520 ," 641,874 ",," 5,132,797.898 ",64.66271,-38904
1995-04-01, 0.0600 , 0.030932490 , 0.05409451 , 0.0765 , 0.69556 , 14.2818 , 62.972 , 10.7587174204 , 1.3204287740 , 0.0216274088 , 0.0248092225 , 0.0346442380 ," 686,673 ",," 5,190,620.769 ",65.31294,-139544
1995-07-01, 0.0580 , 0.026410030 , 0.05399091 , 0.0741 , 0.69558 , 14.2275 , 62.967 , 10.8168856080 , 1.3391715530 , 0.0220395615 , 0.0254667957 , 0.0325677590 ," 710,873 ",," 5,256,475.497 ",64.73906,-9632
1995-10-01, 0.0560 , 0.026509240 , 0.05389050 , 0.0702 , 0.69559 , 14.1733 , 63.310 , 10.8750537957 , 1.3579143320 , 0.0226008836 , 0.0258443432 , 0.0298331630 ," 753,018 ",," 5,340,963.353 ",64.18282,-28484
1996-01-01, 0.0531 , 0.027397260 , 0.05379276 , 0.0699 , 0.69561 , 14.1190 , 63.700 , 10.9332219834 , 1.3766571110 , 0.0226031304 , 0.0258514886 , 0.0291968340 ," 824,202 ",," 5,327,521.968 ",65.04171,5212
1996-04-01, 0.0527 , 0.028471310 , 0.05369709 , 0.0762 , 0.69516 , 14.0698 , 64.319 , 10.9760154088 , 1.3989424888 , 0.0249946859 , 0.0285330815 , 0.0322613560 ," 817,748 ",," 5,422,841.137 ",64.24970,-6292
1996-07-01, 0.0530 , 0.029437420 , 0.05360292 , 0.0765 , 0.69472 , 14.0205 , 64.554 , 11.0188088341 , 1.4212278666 , 0.0251203511 , 0.0285406708 , 0.0313477650 ," 852,063 ",," 5,496,864.192 ",64.25469,-71544
1996-10-01, 0.0529 , 0.031901040 , 0.05350974 , 0.0720 , 0.69427 , 13.9713 , 64.612 , 11.0616022595 , 1.4435132444 , 0.0264483908 , 0.0297179900 , 0.0309871350 ," 901,807 ",," 5,611,184.065 ",64.44697,-50776
1997-01-01, 0.0539 , 0.029462370 , 0.05341696 , 0.0742 , 0.69382 , 13.9220 , 64.479 , 11.1043956849 , 1.4657986221 , 0.0256010761 , 0.0289122672 , 0.0315740430 ," 965,433 ",," 5,667,302.357 ",64.34428,-51252
1997-04-01, 0.0556 , 0.023424190 , 0.05332409 , 0.0758 , 0.69301 , 13.9270 , 65.434 , 11.1616948117 , 1.4938606090 , 0.0283708527 , 0.0316330691 , 0.0320108700 ," 963,700 ",," 5,803,460.852 ",63.10907,-31780
1997-07-01, 0.0554 , 0.022029230 , 0.05323081 , 0.0715 , 0.69220 , 13.9320 , 65.966 , 11.2189939385 , 1.5219225958 , 0.0280887913 , 0.0312790687 , 0.0301348790 ," 1,015,127 ",," 5,894,611.596 ",62.48709,-50596
1997-10-01, 0.0550 , 0.018717140 , 0.05313690 , 0.0687 , 0.69139 , 13.9370 , 66.283 , 11.2762930653 , 1.5499845827 , 0.0281917561 , 0.0312429202 , 0.0293546140 ," 1,058,885 ",," 6,044,717.755 ",62.77032,-32836
1998-01-01, 0.0549 , 0.014622940 , 0.05304222 , 0.0667 , 0.69058 , 13.9420 , 66.887 , 11.3335921921 , 1.5780465695 , 0.0288085598 , 0.0316537405 , 0.0275701070 ," 1,142,406 ",," 6,152,711.602 ",62.50988,-68792
1998-04-01, 0.0556 , 0.016021640 , 0.05294664 , 0.0669 , 0.68957 , 13.9295 , 67.232 , 11.4055828429 , 1.6125705888 , 0.0295749614 , 0.0320135071 , 0.0264484100 ," 1,168,511 ",," 6,229,498.743 ",61.85196,18312
1998-07-01, 0.0551 , 0.015958550 , 0.05285001 , 0.0652 , 0.68856 , 13.9170 , 68.147 , 11.4775734937 , 1.6470946081 , 0.0314388625 , 0.0334527627 , 0.0271244190 ," 1,266,902 ",," 6,327,525.195 ",60.58693,16780
1998-10-01, 0.0468 , 0.015483070 , 0.05275233 , 0.0637 , 0.68754 , 13.9045 , 68.670 , 11.5495641446 , 1.6816186274 , 0.0332108910 , 0.0351832626 , 0.0234581660 ," 1,351,678 ",," 6,531,024.519 ",60.40696,45676
1999-01-01, 0.0481 , 0.016676960 , 0.05265363 , 0.0640 , 0.68653 , 13.8920 , 69.616 , 11.6215547954 , 1.7161426467 , 0.0329630284 , 0.0347667043 , 0.0241821980 ," 1,438,367 ",," 6,521,924.728 ",60.04894,23492
1999-04-01, 0.0476 , 0.021093590 , 0.05255394 , 0.0693 , 0.68537 , 13.9330 , 69.870 , 11.6825873491 , 1.6936575900 , 0.0334121931 , 0.0349226286 , 0.0270078270 ," 1,420,845 ",," 6,594,814.760 ",59.19227,21316
1999-07-01, 0.0522 , 0.023459810 , 0.05245334 , 0.0739 , 0.68420 , 13.9740 , 70.510 , 11.7436199027 , 1.6711725333 , 0.0342456017 , 0.0361650967 , 0.0280086320 ," 1,476,728 ",," 6,655,738.746 ",58.39258,21524
1999-10-01, 0.0530 , 0.026224840 , 0.05235185 , 0.0755 , 0.68304 , 14.0150 , 71.547 , 11.8046524564 , 1.6486874766 , 0.0361202496 , 0.0382694855 , 0.0298592710 ," 1,613,146 ",," 6,883,659.075 ",58.34336,32388
2000-01-01, 0.0585 , 0.032401780 , 0.05224948 , 0.0768 , 0.68187 , 14.0560 , 71.263 , 11.8656850100 , 1.6262024199 , 0.0351175462 , 0.0370368711 , 0.0315706780 ," 1,696,149 ",," 7,004,568.467 ",57.72134,24172
2000-04-01, 0.0653 , 0.033293220 , 0.05214622 , 0.0767 , 0.68058 , 13.9985 , 72.691 , 11.8879511123 , 1.6467754017 , 0.0363339003 , 0.0389592046 , 0.0331262570 ," 1,658,250 ",," 7,163,614.418 ",55.48491,19176
2000-07-01, 0.0652 , 0.035080730 , 0.05204211 , 0.0762 , 0.67929 , 13.9410 , 72.631 , 11.9102172145 , 1.6673483835 , 0.0350199482 , 0.0371604664 , 0.0312349060 ," 1,727,378 ",," 7,269,388.010 ",54.99213,24520
2000-10-01, 0.0640 , 0.034271000 , 0.05193731 , 0.0745 , 0.67800 , 13.8835 , 73.384 , 11.9324833168 , 1.6879213653 , 0.0351467532 , 0.0371785639 , 0.0310621090 ," 1,845,248 ",," 7,462,898.054 ",54.25790,19068
2001-01-01, 0.0531 , 0.033934880 , 0.05183197 , 0.0710 , 0.67671 , 13.8260 , 72.983 , 11.9547494190 , 1.7084943471 , 0.0339607732 , 0.0355425484 , 0.0263213600 ," 2,035,459 ",," 7,572,689.271 ",55.14434,22320
2001-04-01, 0.0397 , 0.033773290 , 0.05172614 , 0.0720 , 0.67533 , 13.7873 , 74.238 , 11.9986817845 , 1.6873816215 , 0.0337800746 , 0.0350403444 , 0.0272387740 ," 2,052,455 ",," 7,635,923.679 ",54.03165,31488
2001-07-01, 0.0307 , 0.026959370 , 0.05161983 , 0.0713 , 0.67395 , 13.7485 , 74.655 , 12.0426141499 , 1.6662688959 , 0.0308386718 , 0.0315912599 , 0.0268784530 ," 2,161,638 ",," 7,844,175.799 ",54.79763,13984
2001-10-01, 0.0182 , 0.018578820 , 0.05151313 , 0.0697 , 0.67256 , 13.7098 , 75.588 , 12.0865465153 , 1.6451561703 , 0.0311436307 , 0.0313614846 , 0.0229127950 ," 2,285,310 ",," 7,867,077.283 ",55.75216,32624
2002-01-01, 0.0173 , 0.012521340 , 0.05140615 , 0.0655 , 0.67118 , 13.6710 , 77.183 , 12.1304788807 , 1.6240434447 , 0.0308080336 , 0.0307346821 , 0.0214578970 ," 2,247,857 ",," 7,822,741.802 ",55.69650,19640
2002-04-01, 0.0175 , 0.012955310 , 0.05129905 , 0.0675 , 0.66997 , 13.6883 , 77.298 , 12.1938684866 , 1.6615328817 , 0.0309895093 , 0.0306547680 , 0.0258783160 ," 2,190,769 ",," 8,039,006.629 ",56.27087,18400
2002-07-01, 0.0175 , 0.015938500 , 0.05119209 , 0.0637 , 0.66876 , 13.7055 , 77.900 , 12.2572580924 , 1.6990223187 , 0.0296693848 , 0.0293814613 , 0.0213145450 ," 2,158,164 ",," 8,272,829.759 ",56.70260,14284
2002-10-01, 0.0124 , 0.022000750 , 0.05108562 , 0.0631 , 0.66755 , 13.7228 , 77.783 , 12.3206476983 , 1.7365117556 , 0.0271482007 , 0.0267939413 , 0.0200533770 ," 2,265,075 ",," 8,435,858.213 ",57.91028,29560
2003-01-01, 0.0125 , 0.028667790 , 0.05097990 , 0.0595 , 0.66634 , 13.7400 , 78.551 , 12.3840373041 , 1.7740011926 , 0.0258105541 , 0.0256755310 , 0.0207901180 ," 2,198,864 "," 723,346.23077 "," 8,605,069.454 ",57.81906,-892
2003-04-01, 0.0122 , 0.021316030 , 0.05087525 , 0.0522 , 0.66534 , 13.7330 , 79.583 , 12.4492425754 , 1.7925146546 , 0.0255574177 , 0.0256544317 , 0.0198951330 ," 2,157,611 "," 737,916.23077 "," 8,923,262.177 ",58.96101,-1016
2003-07-01, 0.0101 , 0.021963830 , 0.05077202 , 0.0572 , 0.66434 , 13.7260 , 81.351 , 12.5144478467 , 1.8110281165 , 0.0276076036 , 0.0274593028 , 0.0185260730 ," 2,090,350 "," 741,690.30769 "," 8,943,134.245 ",58.64541,48888
2003-10-01, 0.0098 , 0.018951240 , 0.05067059 , 0.0565 , 0.66333 , 13.7190 , 82.111 , 12.5796531179 , 1.8295415784 , 0.0276611214 , 0.0274043087 , 0.0193080720 ," 2,040,021 "," 751,828.21429 "," 9,075,653.324 ",59.44466,72608
2004-01-01, 0.0100 , 0.017850640 , 0.05057126 , 0.0550 , 0.66233 , 13.7120 , 81.868 , 12.6448583892 , 1.8480550404 , 0.0268281621 , 0.0265661349 , 0.0190697130 ," 1,992,608 "," 756,309.23077 "," 9,377,238.799 ",59.80710,29480
2004-04-01, 0.0103 , 0.028675140 , 0.05047432 , 0.0601 , 0.66139 , 13.7125 , 82.721 , 12.6948687610 , 1.8576239648 , 0.0265060468 , 0.0263885606 , 0.0221410240 ," 1,941,873 "," 765,641.00000 "," 9,648,544.817 ",60.05487,31684
2004-07-01, 0.0161 , 0.027271080 , 0.05038008 , 0.0565 , 0.66045 , 13.7130 , 83.111 , 12.7448791327 , 1.8671928893 , 0.0253370098 , 0.0255317921 , 0.0234085290 ," 1,892,172 "," 778,478.30769 "," 9,877,215.472 ",59.96643,75320
2004-10-01, 0.0216 , 0.033224990 , 0.05028879 , 0.0547 , 0.65950 , 13.7135 , 83.467 , 12.7948895045 , 1.8767618138 , 0.0258577155 , 0.0261710341 , 0.0214583100 ," 1,901,700 "," 799,498.76923 "," 10,107,378.707 ",60.63713,-58360
2005-01-01, 0.0263 , 0.030422330 , 0.05020076 , 0.0536 , 0.65856 , 13.7140 , 84.377 , 12.8448998763 , 1.8863307382 , 0.0269310270 , 0.0272897784 , 0.0214059570 ," 1,865,022 "," 803,304.92308 "," 10,286,409.862 ",60.91302,31576
2005-04-01, 0.0304 , 0.029463660 , 0.05011637 , 0.0515 , 0.65794 , 13.7833 , 84.285 , 12.8620457825 , 1.9104578106 , 0.0253270673 , 0.0255572697 , 0.0246228930 ," 1,853,916 "," 807,718.15385 "," 10,474,368.258 ",60.64153,48468
2005-07-01, 0.0362 , 0.038326300 , 0.05003654 , 0.0509 , 0.65733 , 13.8525 , 84.876 , 12.8791916887 , 1.9345848830 , 0.0246454928 , 0.0250946368 , 0.0235381360 ," 1,901,890 "," 816,921.23077 "," 10,700,704.372 ",60.35856,140988
2005-10-01, 0.0416 , 0.037399510 , 0.04996717 , 0.0537 , 0.65671 , 13.9218 , 84.869 , 12.8963375949 , 1.9587119554 , 0.0250232688 , 0.0256073483 , 0.0305101740 ," 2,026,821 "," 828,311.84615 "," 10,879,266.653 ",61.32008,24680
2006-01-01, 0.0459 , 0.036471000 , 0.04987017 , 0.0535 , 0.65609 , 13.9910 , 85.465 , 12.9134835011 , 1.9828390277 , 0.0264928222 , 0.0270365811 , 0.0240277580 ," 2,033,948 "," 836,511.53846 "," 11,209,759.506 ",61.55642,-15616
2006-04-01, 0.0499 , 0.040102830 , 0.04976734 , 0.0589 , 0.65607 , 13.9990 , 85.369 , 12.9344860618 , 2.0030076141 , 0.0267766609 , 0.0267629541 , 0.0274475530 ," 2,094,385 "," 842,214.07692 "," 11,526,114.005 ",61.22142,73536
2006-07-01, 0.0525 , 0.033355910 , 0.04966011 , 0.0568 , 0.65605 , 14.0070 , 85.193 , 12.9554886226 , 2.0231762005 , 0.0249629632 , 0.0250678410 , 0.0280052190 ," 2,195,786 "," 845,168.92308 "," 11,754,158.247 ",61.33280,41792
2006-10-01, 0.0524 , 0.019373320 , 0.04955040 , 0.0533 , 0.65602 , 14.0150 , 85.745 , 12.9764911833 , 2.0433447868 , 0.0250158873 , 0.0254084361 , 0.0198915280 ," 2,338,451 "," 857,001.84615 "," 11,861,854.572 ",61.82689,83828
2007-01-01, 0.0526 , 0.024240950 , 0.04944047 , 0.0539 , 0.65600 , 14.0230 , 86.051 , 12.9974937440 , 2.0635133732 , 0.0255902214 , 0.0255421175 , 0.0268381160 ," 2,417,799 "," 865,282.76923 "," 11,982,319.595 ",62.25297,90360
2007-04-01, 0.0525 , 0.026506840 , 0.04933269 , 0.0547 , 0.65620 , 13.9470 , 86.314 , 13.0005321792 , 2.0104490131 , 0.0245407277 , 0.0247729211 , 0.0292430640 ," 2,514,235 "," 870,329.00000 "," 12,261,392.259 ",61.57219,-13488
2007-07-01, 0.0494 , 0.023604780 , 0.04922925 , 0.0574 , 0.65641 , 13.8710 , 87.070 , 13.0035706144 , 1.9573846529 , 0.0246746443 , 0.0249519296 , 0.0261440800 ," 2,830,799 "," 871,863.00000 "," 12,706,149.708 ",61.84826,59112
2007-10-01, 0.0424 , 0.039743840 , 0.04913194 , 0.0549 , 0.65661 , 13.7950 , 87.740 , 13.0066090496 , 1.9043202927 , 0.0257167412 , 0.0259837642 , 0.0254377580 ," 3,085,760 "," 882,966.76923 "," 13,033,934.371 ",62.71924,-21900
2008-01-01, 0.0261 , 0.040954280 , 0.04904192 , 0.0551 , 0.65681 , 13.7190 , 87.167 , 13.0096474848 , 1.8512559325 , 0.0223994265 , 0.0230358799 , 0.0229778690 ," 3,442,540 "," 889,324.92308 "," 13,369,322.096 ",64.17278,-50360
2008-04-01, 0.0200 , 0.043793850 , 0.04895961 , 0.0557 , 0.65677 , 13.6080 , 88.198 , 13.0335302298 , 1.8571418575 , 0.0213741468 , 0.0229637667 , 0.0228684350 ," 3,377,297 "," 891,235.61538 "," 13,300,429.887 ",63.85172,45584
2008-07-01, 0.0181 , 0.053028140 , 0.04888471 , 0.0565 , 0.65673 , 13.4970 , 88.414 , 13.0574129748 , 1.8630277824 , 0.0185768820 , 0.0202133457 , 0.0294901980 ," 3,420,293 "," 937,907.53846 "," 13,545,965.481 ",67.28455,-42904
2008-10-01, 0.0016 , 0.016016870 , 0.04881623 , 0.0612 , 0.65669 , 13.3860 , 87.944 , 13.0812957199 , 1.8689137073 , 0.0100189539 , 0.0111034451 , 0.0078457206 ," 3,832,237 "," 2,023,719.35714 "," 13,817,670.936 ",73.24515,-165476
2009-01-01, 0.0018 ,-0.000402325 , 0.04875262 , 0.0527 , 0.65665 , 13.2750 , 88.949 , 13.1051784649 , 1.8747996322 , 0.0079855901 , 0.0079126793 , 0.0038164688 ," 3,813,876 "," 1,966,765.83333 "," 13,526,158.167 ",77.10496,-996
2009-04-01, 0.0021 ,-0.011504450 , 0.04869192 , 0.0554 , 0.65618 , 13.1540 , 90.986 , 13.1792137973 , 1.8609013905 , 0.0095152323 , 0.0084704816 , 0.0127451190 ," 3,653,101 "," 2,106,421.30769 "," 13,279,679.333 ",80.28013,193224
2009-07-01, 0.0015 ,-0.016233600 , 0.04863206 , 0.0526 , 0.65571 , 13.0330 , 92.423 , 13.2532491297 , 1.8470031488 , 0.0091920370 , 0.0085372554 , 0.0202453190 ," 3,425,463 "," 2,061,507.92857 "," 13,226,016.909 ",82.42733,93148
2009-10-01, 0.0012 , 0.014439340 , 0.04857107 , 0.0519 , 0.65523 , 12.9120 , 93.676 , 13.3272844621 , 1.8331049070 , 0.0115956729 , 0.0112876064 , 0.0178660370 ," 3,315,893 "," 2,192,677.00000 "," 13,086,777.689 ",84.02935,93968
2010-01-01, 0.0016 , 0.023605250 , 0.04850728 , 0.0527 , 0.65476 , 12.7910 , 93.769 , 13.4013197945 , 1.8192066653 , 0.0097563931 , 0.0098129622 , 0.0173161710 ," 2,983,807 "," 2,275,870.15385 "," 13,336,004.267 ",86.51175,55000
2010-04-01, 0.0018 , 0.017677650 , 0.04843937 , 0.0496 , 0.65451 , 12.7313 , 94.075 , 13.4043506236 , 1.8005913968 , 0.0095076983 , 0.0098903013 , 0.0156296300 ," 2,813,331 "," 2,334,581.15385 "," 13,199,507.433 ",88.12832,-95840
2010-07-01, 0.0019 , 0.011756090 , 0.04836631 , 0.0453 , 0.65426 , 12.6715 , 94.672 , 13.4073814527 , 1.7819761283 , 0.0085394584 , 0.0090059958 , 0.0096279857 ," 2,796,581 "," 2,316,060.15385 "," 13,372,707.514 ",89.56528,56392
2010-10-01, 0.0018 , 0.012702480 , 0.04828743 , 0.0487 , 0.65400 , 12.6118 , 94.967 , 13.4104122818 , 1.7633608598 , 0.0082975979 , 0.0087948816 , 0.0139623690 ," 3,034,465 "," 2,342,764.15385 "," 13,318,922.958 ",91.61134,136528
2011-01-01, 0.0014 , 0.021411270 , 0.04820244 , 0.0513 , 0.65375 , 12.5520 , 94.272 , 13.4134431108 , 1.7447455913 , 0.0066585459 , 0.0073282804 , 0.0195474320 ," 2,970,327 "," 2,516,460.00000 "," 13,414,246.871 ",92.95614,7528
2011-04-01, 0.0009 , 0.034303950 , 0.04811158 , 0.0499 , 0.65426 , 12.5223 , 94.341 , 13.4304389030 , 1.7471688024 , 0.0078705484 , 0.0089305516 , 0.0211770450 ," 2,934,857 "," 2,756,634.07692 "," 13,601,986.529 ",92.19380,-61616
2011-07-01, 0.0008 , 0.037561740 , 0.04801570 , 0.0437 , 0.65477 , 12.4925 , 94.158 , 13.4474346952 , 1.7495920135 , 0.0062824130 , 0.0073558918 , 0.0151131480 ," 2,876,458 "," 2,863,445.15385 "," 13,811,890.222 ",94.52098,-133872
2011-10-01, 0.0007 , 0.032937770 , 0.04791622 , 0.0393 , 0.65527 , 12.4628 , 94.613 , 13.4644304874 , 1.7520152247 , 0.0073461919 , 0.0085363458 , 0.0150524880 ," 2,941,890 "," 2,854,889.84615 "," 13,891,344.756 ",96.09072,102060
2012-01-01, 0.0013 , 0.028151920 , 0.04781500 , 0.0385 , 0.65578 , 12.4330 , 95.091 , 13.4814262796 , 1.7544384358 , 0.0090505845 , 0.0098448690 , 0.0147144190 ," 2,862,155 "," 2,911,888.15385 "," 13,925,410.730 ",97.12308,37520
2012-04-01, 0.0016 , 0.018897650 , 0.04771400 , 0.0380 , 0.65659 , 12.3948 , 95.570 , 13.4928503495 , 1.7762361311 , 0.0077329225 , 0.0084739009 , 0.0159031470 ," 2,785,404 "," 2,862,442.61538 "," 14,030,842.983 ",97.82763,-32984
2012-07-01, 0.0014 , 0.016977840 , 0.04761503 , 0.0348 , 0.65739 , 12.3565 , 95.298 , 13.5042744194 , 1.7980338265 , 0.0062423360 , 0.0067408320 , 0.0137009240 ," 2,858,215 "," 2,837,340.92308 "," 14,222,854.708 ",98.44787,88196
2012-10-01, 0.0016 , 0.018893650 , 0.04751949 , 0.0350 , 0.65820 , 12.3183 , 94.945 , 13.5156984893 , 1.8198315218 , 0.0060731375 , 0.0063502522 , 0.0166322660 ," 2,996,592 "," 2,858,947.07692 "," 14,450,403.761 ",100.07497,-3356
2013-01-01, 0.0014 , 0.016818290 , 0.04742825 , 0.0390 , 0.65900 , 12.2800 , 95.398 , 13.5271225592 , 1.8416292172 , 0.0069255689 , 0.0074602862 , 0.0131558540 ," 2,922,416 "," 3,060,648.07692 "," 14,423,791.848 ",100.73997,113544
2013-04-01, 0.0009 , 0.013928500 , 0.04734167 , 0.0389 , 0.65993 , 12.2928 , 95.171 , 13.5413840837 , 1.8432069662 , 0.0057515472 , 0.0061408947 , 0.0135321030 ," 2,901,526 "," 3,353,622.92308 "," 14,409,751.242 ",100.05758,66344
2013-07-01, 0.0008 , 0.015533590 , 0.04725973 , 0.0454 , 0.66086 , 12.3055 , 95.851 , 13.5556456083 , 1.8447847152 , 0.0072863963 , 0.0073861232 , 0.0179742700 ," 3,004,474 "," 3,613,484.76923 "," 14,603,604.365 ",98.72797,45612
2013-10-01, 0.0009 , 0.012334710 , 0.04718212 , 0.0462 , 0.66179 , 12.3183 , 96.773 , 13.5699071329 , 1.8463624643 , 0.0081929256 , 0.0082472136 , 0.0155552390 ," 3,047,282 "," 3,889,295.30769 "," 14,730,790.515 ",99.79118,124360
2014-01-01, 0.0008 , 0.014054560 , 0.04710835 , 0.0445 , 0.66272 , 12.3310 , 95.955 , 13.5841686575 , 1.8479402133 , 0.0055104283 , 0.0055274228 , 0.0158582810 ," 2,995,782 "," 4,127,964.23077 "," 14,909,898.824 ",102.34617,21264
2014-04-01, 0.0010 , 0.020508460 , 0.04703781 , 0.0424 , 0.66383 , 12.3010 , 96.594 , 13.6055348243 , 1.8450355686 , 0.0081541585 , 0.0082874400 , 0.0165301100 ," 2,920,671 "," 4,311,948.23077 "," 15,171,911.352 ",100.65130,-30784
2014-07-01, 0.0009 , 0.017831540 , 0.04696980 , 0.0411 , 0.66494 , 12.2710 , 97.413 , 13.6269009912 , 1.8421309239 , 0.0092327675 , 0.0093654493 , 0.0185949110 ," 2,968,844 "," 4,414,641.76923 "," 15,348,740.218 ",100.11145,-47424
2014-10-01, 0.0012 , 0.012480280 , 0.04690356 , 0.0392 , 0.66604 , 12.2410 , 97.076 , 13.6482671580 , 1.8392262791 , 0.0083278512 , 0.0082833748 , 0.0160224450 ," 3,072,970 "," 4,484,784.78571 "," 15,553,728.396 ",101.28050,51288
2015-01-01, 0.0011 ,-0.000626959 , 0.04683832 , 0.0361 , 0.66715 , 12.2110 , 97.633 , 13.6696333248 , 1.8363216344 , 0.0086902771 , 0.0083966090 , 0.0079843856 ," 3,002,355 "," 4,497,296.91667 "," 15,777,971.708 ",100.49009,64036
2015-04-01, 0.0013 ,-0.000382720 , 0.04677328 , 0.0398 , 0.66842 , 12.1603 , 98.119 , 13.6740772743 , 1.8430588534 , 0.0105811265 , 0.0093131629 , 0.0170282740 ," 2,957,534 "," 4,480,482.38462 "," 15,753,630.867 ",99.30094,60644
2015-07-01, 0.0014 , 0.001095034 , 0.04670775 , 0.0407 , 0.66968 , 12.1095 , 98.389 , 13.6785212238 , 1.8497960724 , 0.0102192546 , 0.0085780125 , 0.0180112510 ," 3,015,801 "," 4,485,814.42857 "," 15,800,092.047 ",98.63595,-42536
2015-10-01, 0.0024 , 0.004662646 , 0.04664107 , 0.0397 , 0.67095 , 12.0588 , 97.790 , 13.6829651732 , 1.8565332914 , 0.0095350087 , 0.0075439683 , 0.0131198210 ," 3,078,204 "," 4,489,102.38462 "," 15,967,662.111 ",102.64192,150700
2016-01-01, 0.0036 , 0.010802670 , 0.04657280 , 0.0396 , 0.67221 , 12.0080 , 98.207 , 13.6874091227 , 1.8632705104 , 0.0111968847 , 0.0085799503 , 0.0111589387 ," 3,064,466 "," 4,486,483.53846 "," 16,293,275.899 ",103.98904,-39000
2016-04-01, 0.0038 , 0.010470630 , 0.04650267 , 0.0362 , 0.67362 , 11.9203 , 98.262 , 13.7122529023 , 1.8826803745 , 0.0121281895 , 0.0088335419 , 0.0166012215 ," 2,969,440 "," 4,475,797.69231 "," 16,533,969.432 ",103.58005,-31804
2016-07-01, 0.0040 , 0.011176150 , 0.04643066 , 0.0332 , 0.67502 , 11.8325 , 98.610 , 13.7370966819 , 1.9020902385 , 0.0123807243 , 0.0091844966 , 0.0164813436 ," 2,943,898 "," 4,468,329.69231 "," 16,766,622.237 ",103.60355,87444
2016-10-01, 0.0054 , 0.018006210 , 0.04635698 , 0.0386 , 0.67643 , 11.7448 , 99.270 , 13.7619404615 , 1.9215001025 , 0.0119283904 , 0.0087880203 , 0.0190220184 ," 2,955,224 "," 4,457,910.76923 "," 16,779,681.324 ",104.64891,135856
2017-01-01, 0.0079 , 0.025393200 , 0.04628192 , 0.0395 , 0.67783 , 11.6570 , 99.437 , 13.7867842411 , 1.9409099665 , 0.0122639777 , 0.0089424358 , 0.0194277371 ," 2,926,657 "," 4,460,614.61538 "," 16,965,580.738 ",102.93741,42244
2017-04-01, 0.0104 , 0.019019910 , 0.04620574 , 0.0385 , 0.67929 , 11.5900 , 99.492 , 13.8238035864 , 1.9133174793 , 0.0114636946 , 0.0084400716 , 0.0156480634 ," 2,892,645 "," 4,471,341.00000 "," 17,069,493.576 ",102.08817,-15436
2017-07-01, 0.0115 , 0.019669250 , 0.04612839 , 0.0363 , 0.68075 , 11.5230 , 100.283 , 13.8608229318 , 1.8857249921 , 0.0118268986 , 0.0087530213 , 0.0171215951 ," 3,029,916 "," 4,463,849.46154 "," 17,242,501.094 ",102.80463,24928
2017-10-01, 0.0130 , 0.021175580 , 0.04604940 , 0.0357 , 0.68221 , 11.4560 , 101.018 , 13.8978422771 , 1.8581325048 , 0.0136888389 , 0.0105796499 , 0.0206917502 ," 3,120,533 "," 4,452,972.00000 "," 17,415,409.638 ",102.27408,89124
2018-01-01, 0.0151 , 0.022141950 , 0.04596785 , 0.0382 , 0.68367 , 11.3890 , 101.399 , 13.9348616224 , 1.8305400176 , 0.0150109084 , 0.0118696511 , 0.0190489380 ," 3,067,973 "," 4,418,993.15385 "," 17,530,252.166 ",103.74395,784
2018-04-01, 0.0182 , 0.027118870 , 0.04588244 , 0.0396 , 0.68518 , 11.3340 , 101.395 , 13.9663436293 , 1.8601636193 , 0.0148609419 , 0.0115894006 , 0.0184679022 ," 3,092,120 "," 4,346,986.61538 "," 17,532,878.340 ",102.98411,80320
2018-07-01, 0.0195 , 0.026409400 , 0.04579183 , 0.0388 , 0.68668 , 11.2790 , 101.694 , 13.9978256362 , 1.8897872210 , 0.0142077165 , 0.0108992655 , 0.0212845808 ," 3,143,468 "," 4,243,144.30769 "," 17,672,831.760 ",103.44890,79704
2018-10-01, 0.0227 , 0.022031310 , 0.04569488 , 0.0414 , 0.68819 , 11.2240 , 101.518 , 14.0293076430 , 1.9194108228 , 0.0139148354 , 0.0103136734 , 0.0216701625 ," 3,289,687 "," 4,128,101.61538 "," 17,942,991.760 ",105.04941,-102060
2019-01-01, 0.0241 , 0.016449360 , 0.04559107 , 0.0379 , 0.68969 , 11.1690 , 102.380 , 14.0607896499 , 1.9490344245 , 0.0141432701 , 0.0102845421 , 0.0178943106 ," 3,483,726 "," 4,009,351.07692 "," 18,089,968.368 ",104.34017,131868
2019-04-01, 0.0238 , 0.018113760 , 0.04548072 , 0.0367 , 0.69095 , 11.0593 , 102.992 , 14.0920351825 , 2.0084123759 , 0.0154909566 , 0.0112638015 , 0.0203738030 ," 3,600,902 "," 3,881,489.30769 "," 18,265,869.890 ",102.92245,-18732
2019-07-01, 0.0204 , 0.017574880 , 0.04536518 , 0.0303 , 0.69221 , 10.9495 , 104.159 , 14.1232807150 , 2.0677903272 , 0.0164465929 , 0.0124082582 , 0.0171433646 ," 3,834,010 "," 3,795,757.53846 "," 18,481,914.694 ",104.61492,-11720
2019-10-01, 0.0155 , 0.020329140 , 0.04524682 , 0.0301 , 0.69346 , 10.8398 , 105.143 , 14.1545262476 , 2.1271682786 , 0.0162000010 , 0.0119866382 , 0.0170378442 ," 4,002,466 "," 4,037,312.23077 "," 18,645,728.253 ",105.78193,58216
2020-01-01, 0.0065 , 0.021186520 , 0.04512876 , 0.0294 , 0.69472 , 10.7300 , 104.856 , 14.1857717802 , 2.1865462299 , 0.0158774644 , 0.0121943228 , 0.0164596366 ," 4,727,179 "," 4,304,005.61538 "," 20,255,187.954 ",106.88595,11740
2020-04-01, 0.0008 , 0.003642956 , 0.04501435 , 0.0244 , 0.69586 , 10.7530 , 109.784 , 14.2582185739 , 2.1927330014 , 0.0155481655 , 0.0118681543 ,-0.0005035367 ," 5,087,590 "," 6,753,312.76923 "," 21,139,330.995 ",132.81490,698696
2020-07-01, 0.0009 , 0.012223860 , 0.04490658 , 0.0225 , 0.69701 , 10.7760 , 111.456 , 14.3306653676 , 2.1989197728 , 0.0161457680 , 0.0125725292 , 0.0158276440 ," 4,846,839 "," 6,996,256.21429 "," 21,209,356.274 ",124.26077,55044
2020-10-01, 0.0009 , 0.012394880 , 0.04480756 , 0.0230 , 0.69815 , 10.7990 , 110.589 , 14.4031121613 , 2.2051065443 , 0.0159765595 , 0.0123575543 , 0.0142002946 ," 4,765,920 "," 7,225,935.07692 "," 21,868,753.531 ",125.73334,242488
2021-01-01, 0.0007 , 0.018985140 , 0.04471938 , 0.0270 , 0.69929 , 10.8220 , 111.460 , 14.4755589550 , 2.2112933158 , 0.0171811673 , 0.0135439690 , 0.0151383809 ," 4,979,998 "," 7,517,578.61538 "," 22,546,903.899 ",124.16837,152472
2021-04-01, 0.0008 , 0.048489450 , 0.04464050 , 0.0290 , 0.70084 , 10.8618 , 111.503 , 14.4471963933 , 2.1329543610 , 0.0181173269 , 0.0139139271 , 0.0186820734 ," 5,015,397 "," 7,900,326.53846 "," 22,774,410.779 ",122.08313,811380
2021-07-01, 0.0008 , 0.053356930 , 0.04457080 , 0.0255 , 0.70238 , 10.9015 , 110.813 , 14.4188338315 , 2.0546154063 , 0.0180199469 , 0.0135207262 , 0.0246241259 ," 5,019,225 "," 8,309,389.38462 "," 23,251,914.571 ",118.84010,333280
2021-10-01, 0.0008 , 0.066891060 , 0.04450926 , 0.0265 , 0.70393 , 10.9413 , 111.580 , 14.3904712697 , 1.9762764516 , 0.0205081303 , 0.0159049241 , 0.0247984050 ," 5,205,455 "," 8,636,951.84615 "," 23,719,751.660 ",119.53493,271452
2022-01-01, 0.0020 , 0.079667070 , 0.04445479 , 0.0325 , 0.70547 , 10.9810 , 110.148 , 14.3621087080 , 1.8979374969 , 0.0175794488 , 0.0131456754 , 0.0262741883 ," 5,090,707 "," 8,887,832.69231 "," 23,973,189.383 ",120.56462,211084
2022-04-01, 0.0121 , 0.086356120 , 0.04440633 , 0.0413 , 0.70725 , 10.8978 , 109.321 , 14.4010078083 , 1.9108191891 , 0.0146211647 , 0.0110237515 , 0.0363465785 ," 5,032,439 "," 8,934,916.23077 "," 23,717,733.007 ",118.45629,696656
2022-07-01, 0.0256 , 0.083294750 , 0.04436299 , 0.0407 , 0.70903 , 10.8145 , 109.269 , 14.4399069086 , 1.9237008813 , 0.0159530545 , 0.0118956929 , 0.0337713165 ," 5,084,242 "," 8,855,808.69231 "," 23,630,517.424 ",117.72571,190168
2022-10-01, 0.0410 , 0.071016720 , 0.04432398 , 0.0490 , 0.71081 , 10.7313 , 110.041 , 14.4788060090 , 1.9365825735 , 0.0154975903 , 0.0113124200 , 0.0288195932 ," 5,223,061 "," 8,650,315.69231 "," 23,598,329.574 ",117.52586,160776
2023-01-01, 0.0465 , 0.058047700 , 0.04428862 , 0.0456 , 0.71259 , 10.6480 , 110.130 , 14.5177051093 , 1.9494642657 , 0.0153915341 , 0.0106711608 ,," 5,692,567 "," 8,490,195.69231 "," 23,719,495.752 ",115.80777,198968
2023-04-01, 0.0508 , 0.039742920 , 0.04425628 , 0.0465 , 0.71259 , 10.6480 , 111.135 , 14.5177051093 , 1.9494642657 , 0.0137943140 , 0.0089180730 ,," 5,917,351 "," 8,474,593.38462 "," 23,461,182.164 ",117.76969,137964
2023-07-01, 0.0533 , 0.035142900 , 0.04422617 , 0.0495 , 0.71259 , 10.6480 , 112.180 , 14.5177051093 , 1.9494642657 , 0.0126502080 , 0.0085388904 ,," 6,142,962 "," 8,166,192.00000 "," 23,408,675.429 ",118.59158,116688
2023-10-01, 0.0533 , 0.032434010 , 0.04419751 , 0.0528 , 0.71259 , 10.6480 , 113.053 , 14.5177051093 , 1.9494642657 , 0.0116364938 , 0.0076290415 ,," 6,357,551 "," 7,831,686.76923 "," 23,666,557.141 ",120.15950,
